{
   "abstract" : "A hash table that supports multiple values per key.",
   "author" : [
      "Radek Slupik <rightfold@gmail.com>"
   ],
   "dynamic_config" : 0,
   "generated_by" : "ExtUtils::MakeMaker version 6.88, CPAN::Meta::Converter version 2.133380",
   "license" : [
      "unknown"
   ],
   "meta-spec" : {
      "url" : "http://search.cpan.org/perldoc?CPAN::Meta::Spec",
      "version" : "2"
   },
   "name" : "Data-Multihash",
   "no_index" : {
      "directory" : [
         "t",
         "inc"
      ]
   },
   "prereqs" : {
      "build" : {
         "requires" : {
            "Test::More" : "0"
         }
      },
      "configure" : {
         "requires" : {
            "ExtUtils::MakeMaker" : "0"
         }
      },
      "runtime" : {
         "requires" : {
            "Set::Object" : "1.34",
            "perl" : "5.006"
         }
      }
   },
   "release_status" : "stable",
   "version" : "0.01"
}
